{
  "directRouteInfo": {
    "BNG9": {
      "_public_": {
        "70.0.0.16/32": [
          {
            "deviceName": "BNG9",
            "vpnName": "_public_",
            "ipPrefix": "70.0.0.16/32",
            "outInf": {
              "deviceName": "BNG9",
              "infName": "LoopBack0",
              "vpnName": "_public_",
              "infIpv4Ip": "70.0.0.16/32",
              "infIpv4HostIp": "70.0.0.16/32",
              "infIpv6Ip": null,
              "infIpv6HostIp": null
            }
          }
        ]
      }
    },
    "BNG8": {
      "_public_": {
        "70.0.0.15/32": [
          {
            "deviceName": "BNG8",
            "vpnName": "_public_",
            "ipPrefix": "70.0.0.15/32",
            "outInf": {
              "deviceName": "BNG8",
              "infName": "LoopBack0",
              "vpnName": "_public_",
              "infIpv4Ip": "70.0.0.15/32",
              "infIpv4HostIp": "70.0.0.15/32",
              "infIpv6Ip": null,
              "infIpv6HostIp": null
            }
          }
        ]
      }
    },
    "BNG7": {
      "_public_": {
        "70.0.0.14/32": [
          {
            "deviceName": "BNG7",
            "vpnName": "_public_",
            "ipPrefix": "70.0.0.14/32",
            "outInf": {
              "deviceName": "BNG7",
              "infName": "LoopBack0",
              "vpnName": "_public_",
              "infIpv4Ip": "70.0.0.14/32",
              "infIpv4HostIp": "70.0.0.14/32",
              "infIpv6Ip": null,
              "infIpv6HostIp": null
            }
          }
        ]
      }
    },
    "BNG29": {
      "_public_": {
        "70.0.0.36/32": [
          {
            "deviceName": "BNG29",
            "vpnName": "_public_",
            "ipPrefix": "70.0.0.36/32",
            "outInf": {
              "deviceName": "BNG29",
              "infName": "LoopBack0",
              "vpnName": "_public_",
              "infIpv4Ip": "70.0.0.36/32",
              "infIpv4HostIp": "70.0.0.36/32",
              "infIpv6Ip": null,
              "infIpv6HostIp": null
            }
          }
        ]
      }
    },
    "BNG6": {
      "_public_": {
        "70.0.0.13/32": [
          {
            "deviceName": "BNG6",
            "vpnName": "_public_",
            "ipPrefix": "70.0.0.13/32",
            "outInf": {
              "deviceName": "BNG6",
              "infName": "LoopBack0",
              "vpnName": "_public_",
              "infIpv4Ip": "70.0.0.13/32",
              "infIpv4HostIp": "70.0.0.13/32",
              "infIpv6Ip": null,
              "infIpv6HostIp": null
            }
          }
        ]
      }
    },
    "BNG5": {
      "_public_": {
        "70.0.0.12/32": [
          {
            "deviceName": "BNG5",
            "vpnName": "_public_",
            "ipPrefix": "70.0.0.12/32",
            "outInf": {
              "deviceName": "BNG5",
              "infName": "LoopBack0",
              "vpnName": "_public_",
              "infIpv4Ip": "70.0.0.12/32",
              "infIpv4HostIp": "70.0.0.12/32",
              "infIpv6Ip": null,
              "infIpv6HostIp": null
            }
          }
        ]
      }
    },
    "BNG27": {
      "_public_": {
        "70.0.0.34/32": [
          {
            "deviceName": "BNG27",
            "vpnName": "_public_",
            "ipPrefix": "70.0.0.34/32",
            "outInf": {
              "deviceName": "BNG27",
              "infName": "LoopBack0",
              "vpnName": "_public_",
              "infIpv4Ip": "70.0.0.34/32",
              "infIpv4HostIp": "70.0.0.34/32",
              "infIpv6Ip": null,
              "infIpv6HostIp": null
            }
          }
        ]
      }
    },
    "BNG4": {
      "_public_": {
        "70.0.0.11/32": [
          {
            "deviceName": "BNG4",
            "vpnName": "_public_",
            "ipPrefix": "70.0.0.11/32",
            "outInf": {
              "deviceName": "BNG4",
              "infName": "LoopBack0",
              "vpnName": "_public_",
              "infIpv4Ip": "70.0.0.11/32",
              "infIpv4HostIp": "70.0.0.11/32",
              "infIpv6Ip": null,
              "infIpv6HostIp": null
            }
          }
        ]
      }
    },
    "BNG3": {
      "_public_": {
        "70.0.0.10/32": [
          {
            "deviceName": "BNG3",
            "vpnName": "_public_",
            "ipPrefix": "70.0.0.10/32",
            "outInf": {
              "deviceName": "BNG3",
              "infName": "LoopBack0",
              "vpnName": "_public_",
              "infIpv4Ip": "70.0.0.10/32",
              "infIpv4HostIp": "70.0.0.10/32",
              "infIpv6Ip": null,
              "infIpv6HostIp": null
            }
          }
        ]
      }
    },
    "BNG28": {
      "_public_": {
        "70.0.0.35/32": [
          {
            "deviceName": "BNG28",
            "vpnName": "_public_",
            "ipPrefix": "70.0.0.35/32",
            "outInf": {
              "deviceName": "BNG28",
              "infName": "LoopBack0",
              "vpnName": "_public_",
              "infIpv4Ip": "70.0.0.35/32",
              "infIpv4HostIp": "70.0.0.35/32",
              "infIpv6Ip": null,
              "infIpv6HostIp": null
            }
          }
        ]
      }
    },
    "BNG2": {
      "_public_": {
        "70.0.0.9/32": [
          {
            "deviceName": "BNG2",
            "vpnName": "_public_",
            "ipPrefix": "70.0.0.9/32",
            "outInf": {
              "deviceName": "BNG2",
              "infName": "LoopBack0",
              "vpnName": "_public_",
              "infIpv4Ip": "70.0.0.9/32",
              "infIpv4HostIp": "70.0.0.9/32",
              "infIpv6Ip": null,
              "infIpv6HostIp": null
            }
          }
        ]
      }
    },
    "BNG1": {
      "_public_": {
        "70.0.0.8/32": [
          {
            "deviceName": "BNG1",
            "vpnName": "_public_",
            "ipPrefix": "70.0.0.8/32",
            "outInf": {
              "deviceName": "BNG1",
              "infName": "LoopBack0",
              "vpnName": "_public_",
              "infIpv4Ip": "70.0.0.8/32",
              "infIpv4HostIp": "70.0.0.8/32",
              "infIpv6Ip": null,
              "infIpv6HostIp": null
            }
          }
        ]
      }
    },
    "BNG14": {
      "_public_": {
        "70.0.0.21/32": [
          {
            "deviceName": "BNG14",
            "vpnName": "_public_",
            "ipPrefix": "70.0.0.21/32",
            "outInf": {
              "deviceName": "BNG14",
              "infName": "LoopBack0",
              "vpnName": "_public_",
              "infIpv4Ip": "70.0.0.21/32",
              "infIpv4HostIp": "70.0.0.21/32",
              "infIpv6Ip": null,
              "infIpv6HostIp": null
            }
          }
        ]
      }
    },
    "BNG15": {
      "_public_": {
        "70.0.0.22/32": [
          {
            "deviceName": "BNG15",
            "vpnName": "_public_",
            "ipPrefix": "70.0.0.22/32",
            "outInf": {
              "deviceName": "BNG15",
              "infName": "LoopBack0",
              "vpnName": "_public_",
              "infIpv4Ip": "70.0.0.22/32",
              "infIpv4HostIp": "70.0.0.22/32",
              "infIpv6Ip": null,
              "infIpv6HostIp": null
            }
          }
        ]
      }
    },
    "BNG12": {
      "_public_": {
        "70.0.0.19/32": [
          {
            "deviceName": "BNG12",
            "vpnName": "_public_",
            "ipPrefix": "70.0.0.19/32",
            "outInf": {
              "deviceName": "BNG12",
              "infName": "LoopBack0",
              "vpnName": "_public_",
              "infIpv4Ip": "70.0.0.19/32",
              "infIpv4HostIp": "70.0.0.19/32",
              "infIpv6Ip": null,
              "infIpv6HostIp": null
            }
          }
        ]
      }
    },
    "BNG13": {
      "_public_": {
        "70.0.0.20/32": [
          {
            "deviceName": "BNG13",
            "vpnName": "_public_",
            "ipPrefix": "70.0.0.20/32",
            "outInf": {
              "deviceName": "BNG13",
              "infName": "LoopBack0",
              "vpnName": "_public_",
              "infIpv4Ip": "70.0.0.20/32",
              "infIpv4HostIp": "70.0.0.20/32",
              "infIpv6Ip": null,
              "infIpv6HostIp": null
            }
          }
        ]
      }
    },
    "BNG10": {
      "_public_": {
        "70.0.0.17/32": [
          {
            "deviceName": "BNG10",
            "vpnName": "_public_",
            "ipPrefix": "70.0.0.17/32",
            "outInf": {
              "deviceName": "BNG10",
              "infName": "LoopBack0",
              "vpnName": "_public_",
              "infIpv4Ip": "70.0.0.17/32",
              "infIpv4HostIp": "70.0.0.17/32",
              "infIpv6Ip": null,
              "infIpv6HostIp": null
            }
          }
        ]
      }
    },
    "BNG11": {
      "_public_": {
        "70.0.0.18/32": [
          {
            "deviceName": "BNG11",
            "vpnName": "_public_",
            "ipPrefix": "70.0.0.18/32",
            "outInf": {
              "deviceName": "BNG11",
              "infName": "LoopBack0",
              "vpnName": "_public_",
              "infIpv4Ip": "70.0.0.18/32",
              "infIpv4HostIp": "70.0.0.18/32",
              "infIpv6Ip": null,
              "infIpv6HostIp": null
            }
          }
        ]
      }
    },
    "BNG30": {
      "_public_": {
        "70.0.0.37/32": [
          {
            "deviceName": "BNG30",
            "vpnName": "_public_",
            "ipPrefix": "70.0.0.37/32",
            "outInf": {
              "deviceName": "BNG30",
              "infName": "LoopBack0",
              "vpnName": "_public_",
              "infIpv4Ip": "70.0.0.37/32",
              "infIpv4HostIp": "70.0.0.37/32",
              "infIpv6Ip": null,
              "infIpv6HostIp": null
            }
          }
        ]
      }
    },
    "BR1": {
      "_public_": {
        "70.0.0.4/32": [
          {
            "deviceName": "BR1",
            "vpnName": "_public_",
            "ipPrefix": "70.0.0.4/32",
            "outInf": {
              "deviceName": "BR1",
              "infName": "LoopBack0",
              "vpnName": "_public_",
              "infIpv4Ip": "70.0.0.4/32",
              "infIpv4HostIp": "70.0.0.4/32",
              "infIpv6Ip": null,
              "infIpv6HostIp": null
            }
          }
        ]
      }
    },
    "CR2": {
      "_public_": {
        "70.0.0.3/32": [
          {
            "deviceName": "CR2",
            "vpnName": "_public_",
            "ipPrefix": "70.0.0.3/32",
            "outInf": {
              "deviceName": "CR2",
              "infName": "LoopBack0",
              "vpnName": "_public_",
              "infIpv4Ip": "70.0.0.3/32",
              "infIpv4HostIp": "70.0.0.3/32",
              "infIpv6Ip": null,
              "infIpv6HostIp": null
            }
          }
        ]
      }
    },
    "BR3": {
      "_public_": {
        "70.0.0.6/32": [
          {
            "deviceName": "BR3",
            "vpnName": "_public_",
            "ipPrefix": "70.0.0.6/32",
            "outInf": {
              "deviceName": "BR3",
              "infName": "LoopBack0",
              "vpnName": "_public_",
              "infIpv4Ip": "70.0.0.6/32",
              "infIpv4HostIp": "70.0.0.6/32",
              "infIpv6Ip": null,
              "infIpv6HostIp": null
            }
          }
        ]
      }
    },
    "CR1": {
      "_public_": {
        "70.0.0.1/32": [
          {
            "deviceName": "CR1",
            "vpnName": "_public_",
            "ipPrefix": "70.0.0.1/32",
            "outInf": {
              "deviceName": "CR1",
              "infName": "LoopBack0",
              "vpnName": "_public_",
              "infIpv4Ip": "70.0.0.1/32",
              "infIpv4HostIp": "70.0.0.1/32",
              "infIpv6Ip": null,
              "infIpv6HostIp": null
            }
          }
        ]
      }
    },
    "BR2": {
      "_public_": {
        "70.0.0.5/32": [
          {
            "deviceName": "BR2",
            "vpnName": "_public_",
            "ipPrefix": "70.0.0.5/32",
            "outInf": {
              "deviceName": "BR2",
              "infName": "LoopBack0",
              "vpnName": "_public_",
              "infIpv4Ip": "70.0.0.5/32",
              "infIpv4HostIp": "70.0.0.5/32",
              "infIpv6Ip": null,
              "infIpv6HostIp": null
            }
          }
        ]
      }
    },
    "BNG18": {
      "_public_": {
        "70.0.0.25/32": [
          {
            "deviceName": "BNG18",
            "vpnName": "_public_",
            "ipPrefix": "70.0.0.25/32",
            "outInf": {
              "deviceName": "BNG18",
              "infName": "LoopBack0",
              "vpnName": "_public_",
              "infIpv4Ip": "70.0.0.25/32",
              "infIpv4HostIp": "70.0.0.25/32",
              "infIpv6Ip": null,
              "infIpv6HostIp": null
            }
          }
        ]
      }
    },
    "BNG19": {
      "_public_": {
        "70.0.0.26/32": [
          {
            "deviceName": "BNG19",
            "vpnName": "_public_",
            "ipPrefix": "70.0.0.26/32",
            "outInf": {
              "deviceName": "BNG19",
              "infName": "LoopBack0",
              "vpnName": "_public_",
              "infIpv4Ip": "70.0.0.26/32",
              "infIpv4HostIp": "70.0.0.26/32",
              "infIpv6Ip": null,
              "infIpv6HostIp": null
            }
          }
        ]
      }
    },
    "BR4": {
      "_public_": {
        "70.0.0.7/32": [
          {
            "deviceName": "BR4",
            "vpnName": "_public_",
            "ipPrefix": "70.0.0.7/32",
            "outInf": {
              "deviceName": "BR4",
              "infName": "LoopBack0",
              "vpnName": "_public_",
              "infIpv4Ip": "70.0.0.7/32",
              "infIpv4HostIp": "70.0.0.7/32",
              "infIpv6Ip": null,
              "infIpv6HostIp": null
            }
          }
        ]
      }
    },
    "BNG16": {
      "_public_": {
        "70.0.0.23/32": [
          {
            "deviceName": "BNG16",
            "vpnName": "_public_",
            "ipPrefix": "70.0.0.23/32",
            "outInf": {
              "deviceName": "BNG16",
              "infName": "LoopBack0",
              "vpnName": "_public_",
              "infIpv4Ip": "70.0.0.23/32",
              "infIpv4HostIp": "70.0.0.23/32",
              "infIpv6Ip": null,
              "infIpv6HostIp": null
            }
          }
        ]
      }
    },
    "BNG17": {
      "_public_": {
        "70.0.0.24/32": [
          {
            "deviceName": "BNG17",
            "vpnName": "_public_",
            "ipPrefix": "70.0.0.24/32",
            "outInf": {
              "deviceName": "BNG17",
              "infName": "LoopBack0",
              "vpnName": "_public_",
              "infIpv4Ip": "70.0.0.24/32",
              "infIpv4HostIp": "70.0.0.24/32",
              "infIpv6Ip": null,
              "infIpv6HostIp": null
            }
          }
        ]
      }
    },
    "BNG25": {
      "_public_": {
        "70.0.0.32/32": [
          {
            "deviceName": "BNG25",
            "vpnName": "_public_",
            "ipPrefix": "70.0.0.32/32",
            "outInf": {
              "deviceName": "BNG25",
              "infName": "LoopBack0",
              "vpnName": "_public_",
              "infIpv4Ip": "70.0.0.32/32",
              "infIpv4HostIp": "70.0.0.32/32",
              "infIpv6Ip": null,
              "infIpv6HostIp": null
            }
          }
        ]
      }
    },
    "BNG26": {
      "_public_": {
        "70.0.0.33/32": [
          {
            "deviceName": "BNG26",
            "vpnName": "_public_",
            "ipPrefix": "70.0.0.33/32",
            "outInf": {
              "deviceName": "BNG26",
              "infName": "LoopBack0",
              "vpnName": "_public_",
              "infIpv4Ip": "70.0.0.33/32",
              "infIpv4HostIp": "70.0.0.33/32",
              "infIpv6Ip": null,
              "infIpv6HostIp": null
            }
          }
        ]
      }
    },
    "BNG23": {
      "_public_": {
        "70.0.0.30/32": [
          {
            "deviceName": "BNG23",
            "vpnName": "_public_",
            "ipPrefix": "70.0.0.30/32",
            "outInf": {
              "deviceName": "BNG23",
              "infName": "LoopBack0",
              "vpnName": "_public_",
              "infIpv4Ip": "70.0.0.30/32",
              "infIpv4HostIp": "70.0.0.30/32",
              "infIpv6Ip": null,
              "infIpv6HostIp": null
            }
          }
        ]
      }
    },
    "BNG24": {
      "_public_": {
        "70.0.0.31/32": [
          {
            "deviceName": "BNG24",
            "vpnName": "_public_",
            "ipPrefix": "70.0.0.31/32",
            "outInf": {
              "deviceName": "BNG24",
              "infName": "LoopBack0",
              "vpnName": "_public_",
              "infIpv4Ip": "70.0.0.31/32",
              "infIpv4HostIp": "70.0.0.31/32",
              "infIpv6Ip": null,
              "infIpv6HostIp": null
            }
          }
        ]
      }
    },
    "BNG21": {
      "_public_": {
        "70.0.0.28/32": [
          {
            "deviceName": "BNG21",
            "vpnName": "_public_",
            "ipPrefix": "70.0.0.28/32",
            "outInf": {
              "deviceName": "BNG21",
              "infName": "LoopBack0",
              "vpnName": "_public_",
              "infIpv4Ip": "70.0.0.28/32",
              "infIpv4HostIp": "70.0.0.28/32",
              "infIpv6Ip": null,
              "infIpv6HostIp": null
            }
          }
        ]
      }
    },
    "BNG22": {
      "_public_": {
        "70.0.0.29/32": [
          {
            "deviceName": "BNG22",
            "vpnName": "_public_",
            "ipPrefix": "70.0.0.29/32",
            "outInf": {
              "deviceName": "BNG22",
              "infName": "LoopBack0",
              "vpnName": "_public_",
              "infIpv4Ip": "70.0.0.29/32",
              "infIpv4HostIp": "70.0.0.29/32",
              "infIpv6Ip": null,
              "infIpv6HostIp": null
            }
          }
        ]
      }
    },
    "BNG20": {
      "_public_": {
        "70.0.0.27/32": [
          {
            "deviceName": "BNG20",
            "vpnName": "_public_",
            "ipPrefix": "70.0.0.27/32",
            "outInf": {
              "deviceName": "BNG20",
              "infName": "LoopBack0",
              "vpnName": "_public_",
              "infIpv4Ip": "70.0.0.27/32",
              "infIpv4HostIp": "70.0.0.27/32",
              "infIpv6Ip": null,
              "infIpv6HostIp": null
            }
          }
        ]
      }
    }
  },
  "staticRouteInfo": {
    "BR1": {
      "_public_": {
        "70.0.0.1/32": [
          {
            "deviceName": "BR1",
            "vpnName": "_public_",
            "addressIp": "70.0.0.1/32",
            "nextHop": "10.0.0.17/32",
            "outInf": {
              "deviceName": "BR1",
              "infName": "GigabitEthernet1/0/1",
              "vpnName": "_public_",
              "infIpv4Ip": "10.0.0.16/30",
              "infIpv4HostIp": "10.0.0.18/32",
              "infIpv6Ip": null,
              "infIpv6HostIp": null
            }
          }
        ]
      }
    },
    "BR3": {
      "_public_": {
        "70.0.0.1/32": [
          {
            "deviceName": "BR3",
            "vpnName": "_public_",
            "addressIp": "70.0.0.1/32",
            "nextHop": "10.0.0.29/32",
            "outInf": {
              "deviceName": "BR3",
              "infName": "GigabitEthernet1/0/1",
              "vpnName": "_public_",
              "infIpv4Ip": "10.0.0.28/30",
              "infIpv4HostIp": "10.0.0.30/32",
              "infIpv6Ip": null,
              "infIpv6HostIp": null
            }
          }
        ]
      }
    },
    "CR2": {
      "_public_": {
        "70.0.0.7/32": [
          {
            "deviceName": "CR2",
            "vpnName": "_public_",
            "addressIp": "70.0.0.7/32",
            "nextHop": "10.0.0.34/32",
            "outInf": {
              "deviceName": "CR2",
              "infName": "GigabitEthernet3/0/2",
              "vpnName": "_public_",
              "infIpv4Ip": "10.0.0.32/30",
              "infIpv4HostIp": "10.0.0.33/32",
              "infIpv6Ip": null,
              "infIpv6HostIp": null
            }
          }
        ],
        "70.0.0.5/32": [
          {
            "deviceName": "CR2",
            "vpnName": "_public_",
            "addressIp": "70.0.0.5/32",
            "nextHop": "10.0.0.22/32",
            "outInf": {
              "deviceName": "CR2",
              "infName": "GigabitEthernet3/0/1",
              "vpnName": "_public_",
              "infIpv4Ip": "10.0.0.20/30",
              "infIpv4HostIp": "10.0.0.21/32",
              "infIpv6Ip": null,
              "infIpv6HostIp": null
            }
          }
        ]
      }
    },
    "BR2": {
      "_public_": {
        "70.0.0.3/32": [
          {
            "deviceName": "BR2",
            "vpnName": "_public_",
            "addressIp": "70.0.0.3/32",
            "nextHop": "10.0.0.21/32",
            "outInf": {
              "deviceName": "BR2",
              "infName": "GigabitEthernet1/0/1",
              "vpnName": "_public_",
              "infIpv4Ip": "10.0.0.20/30",
              "infIpv4HostIp": "10.0.0.22/32",
              "infIpv6Ip": null,
              "infIpv6HostIp": null
            }
          }
        ]
      }
    },
    "CR1": {
      "_public_": {
        "70.0.0.4/32": [
          {
            "deviceName": "CR1",
            "vpnName": "_public_",
            "addressIp": "70.0.0.4/32",
            "nextHop": "10.0.0.18/32",
            "outInf": {
              "deviceName": "CR1",
              "infName": "GigabitEthernet3/0/1",
              "vpnName": "_public_",
              "infIpv4Ip": "10.0.0.16/30",
              "infIpv4HostIp": "10.0.0.17/32",
              "infIpv6Ip": null,
              "infIpv6HostIp": null
            }
          }
        ],
        "70.0.0.6/32": [
          {
            "deviceName": "CR1",
            "vpnName": "_public_",
            "addressIp": "70.0.0.6/32",
            "nextHop": "10.0.0.30/32",
            "outInf": {
              "deviceName": "CR1",
              "infName": "GigabitEthernet3/0/2",
              "vpnName": "_public_",
              "infIpv4Ip": "10.0.0.28/30",
              "infIpv4HostIp": "10.0.0.29/32",
              "infIpv6Ip": null,
              "infIpv6HostIp": null
            }
          }
        ]
      }
    },
    "BR4": {
      "_public_": {
        "70.0.0.3/32": [
          {
            "deviceName": "BR4",
            "vpnName": "_public_",
            "addressIp": "70.0.0.3/32",
            "nextHop": "10.0.0.33/32",
            "outInf": {
              "deviceName": "BR4",
              "infName": "GigabitEthernet1/0/1",
              "vpnName": "_public_",
              "infIpv4Ip": "10.0.0.32/30",
              "infIpv4HostIp": "10.0.0.34/32",
              "infIpv6Ip": null,
              "infIpv6HostIp": null
            }
          }
        ]
      }
    },
    "BNG3": {
      "_public_": {
        "179.0.0.8/30": [
          {
            "deviceName": "BNG3",
            "vpnName": "_public_",
            "addressIp": "179.0.0.8/30",
            "nextHop": "39.0.0.10/32",
            "outInf": {
              "deviceName": "BNG3",
              "infName": "GigabitEthernet4/0/1.10",
              "vpnName": "_public_",
              "infIpv4Ip": "39.0.0.8/30",
              "infIpv4HostIp": "39.0.0.9/32",
              "infIpv6Ip": null,
              "infIpv6HostIp": null
            }
          }
        ]
      }
    }
  }
}