{
  "importedDirectRoutes": {
    "RSG4": {
      "LTE_RAN": [
        {
          "deviceName": "RSG4",
          "vpnName": "LTE_RAN",
          "ipPrefix": "90.0.0.5/32",
          "outInf": {
            "deviceName": "RSG4",
            "infName": "LoopBack10",
            "vpnName": "LTE_RAN",
            "infIpv4Ip": "90.0.0.5/32",
            "infIpv4HostIp": "90.0.0.5/32",
            "infIpv6Ip": null,
            "infIpv6HostIp": null
          }
        },
        {
          "deviceName": "RSG4",
          "vpnName": "LTE_RAN",
          "ipPrefix": "90.0.0.5/32",
          "outInf": {
            "deviceName": "RSG4",
            "infName": "LoopBack10",
            "vpnName": "LTE_RAN",
            "infIpv4Ip": "90.0.0.5/32",
            "infIpv4HostIp": "90.0.0.5/32",
            "infIpv6Ip": null,
            "infIpv6HostIp": null
          }
        }
      ]
    },
    "RSG1": {
      "LTE_RAN": [
        {
          "deviceName": "RSG1",
          "vpnName": "LTE_RAN",
          "ipPrefix": "90.0.0.1/32",
          "outInf": {
            "deviceName": "RSG1",
            "infName": "LoopBack10",
            "vpnName": "LTE_RAN",
            "infIpv4Ip": "90.0.0.1/32",
            "infIpv4HostIp": "90.0.0.1/32",
            "infIpv6Ip": null,
            "infIpv6HostIp": null
          }
        },
        {
          "deviceName": "RSG1",
          "vpnName": "LTE_RAN",
          "ipPrefix": "90.0.0.1/32",
          "outInf": {
            "deviceName": "RSG1",
            "infName": "LoopBack10",
            "vpnName": "LTE_RAN",
            "infIpv4Ip": "90.0.0.1/32",
            "infIpv4HostIp": "90.0.0.1/32",
            "infIpv6Ip": null,
            "infIpv6HostIp": null
          }
        }
      ]
    }
  },
  "importedStaticRoues": {
    "CSG1-2-1": {
      "LTE_RAN": [
        {
          "deviceName": "CSG1-2-1",
          "vpnName": "LTE_RAN",
          "addressIp": "192.0.0.20/30",
          "nextHop": "32.0.0.22/32",
          "outInf": {
            "deviceName": "CSG1-2-1",
            "infName": "GigabitEthernet4/0/1.3",
            "vpnName": "LTE_RAN",
            "infIpv4Ip": "32.0.0.20/30",
            "infIpv4HostIp": "32.0.0.21/32",
            "infIpv6Ip": null,
            "infIpv6HostIp": null
          }
        }
      ]
    },
    "ASG3": {
      "LTE_RAN": [
        {
          "deviceName": "ASG3",
          "vpnName": "LTE_RAN",
          "addressIp": "0.0.0.0/0",
          "nextHop": "90.0.0.1/32",
          "outInf": {
            "deviceName": null,
            "infName": null,
            "vpnName": null,
            "infIpv4Ip": null,
            "infIpv4HostIp": null,
            "infIpv6Ip": null,
            "infIpv6HostIp": null
          }
        }
      ]
    },
    "ASG4": {
      "LTE_RAN": [
        {
          "deviceName": "ASG4",
          "vpnName": "LTE_RAN",
          "addressIp": "0.0.0.0/0",
          "nextHop": "90.0.0.5/32",
          "outInf": {
            "deviceName": null,
            "infName": null,
            "vpnName": null,
            "infIpv4Ip": null,
            "infIpv4HostIp": null,
            "infIpv6Ip": null,
            "infIpv6HostIp": null
          }
        }
      ]
    },
    "ASG1": {
      "LTE_RAN": [
        {
          "deviceName": "ASG1",
          "vpnName": "LTE_RAN",
          "addressIp": "0.0.0.0/0",
          "nextHop": "90.0.0.1/32",
          "outInf": {
            "deviceName": null,
            "infName": null,
            "vpnName": null,
            "infIpv4Ip": null,
            "infIpv4HostIp": null,
            "infIpv6Ip": null,
            "infIpv6HostIp": null
          }
        }
      ]
    },
    "ASG2": {
      "LTE_RAN": [
        {
          "deviceName": "ASG2",
          "vpnName": "LTE_RAN",
          "addressIp": "0.0.0.0/0",
          "nextHop": "90.0.0.5/32",
          "outInf": {
            "deviceName": null,
            "infName": null,
            "vpnName": null,
            "infIpv4Ip": null,
            "infIpv4HostIp": null,
            "infIpv6Ip": null,
            "infIpv6HostIp": null
          }
        }
      ]
    }
  },
  "importedIsIsRoutes": {}
}