{
  "directRouteInfo": {
    "CSG1-2-1": {
      "_public_": {
        "70.0.0.11/32": [
          {
            "deviceName": "CSG1-2-1",
            "vpnName": "_public_",
            "ipPrefix": "70.0.0.11/32",
            "outInf": {
              "deviceName": "CSG1-2-1",
              "infName": "LoopBack0",
              "vpnName": "_public_",
              "infIpv4Ip": "70.0.0.11/32",
              "infIpv4HostIp": "70.0.0.11/32",
              "infIpv6Ip": null,
              "infIpv6HostIp": null
            }
          }
        ]
      }
    },
    "CSG1-1-2": {
      "_public_": {
        "70.0.0.7/32": [
          {
            "deviceName": "CSG1-1-2",
            "vpnName": "_public_",
            "ipPrefix": "70.0.0.7/32",
            "outInf": {
              "deviceName": "CSG1-1-2",
              "infName": "LoopBack0",
              "vpnName": "_public_",
              "infIpv4Ip": "70.0.0.7/32",
              "infIpv4HostIp": "70.0.0.7/32",
              "infIpv6Ip": null,
              "infIpv6HostIp": null
            }
          }
        ]
      }
    },
    "CSG1-1-1": {
      "_public_": {
        "70.0.0.6/32": [
          {
            "deviceName": "CSG1-1-1",
            "vpnName": "_public_",
            "ipPrefix": "70.0.0.6/32",
            "outInf": {
              "deviceName": "CSG1-1-1",
              "infName": "LoopBack0",
              "vpnName": "_public_",
              "infIpv4Ip": "70.0.0.6/32",
              "infIpv4HostIp": "70.0.0.6/32",
              "infIpv6Ip": null,
              "infIpv6HostIp": null
            }
          }
        ]
      }
    },
    "CSG1-2-5": {
      "_public_": {
        "70.0.0.15/32": [
          {
            "deviceName": "CSG1-2-5",
            "vpnName": "_public_",
            "ipPrefix": "70.0.0.15/32",
            "outInf": {
              "deviceName": "CSG1-2-5",
              "infName": "LoopBack0",
              "vpnName": "_public_",
              "infIpv4Ip": "70.0.0.15/32",
              "infIpv4HostIp": "70.0.0.15/32",
              "infIpv6Ip": null,
              "infIpv6HostIp": null
            }
          }
        ]
      }
    },
    "CSG1-1-5": {
      "_public_": {
        "70.0.0.10/32": [
          {
            "deviceName": "CSG1-1-5",
            "vpnName": "_public_",
            "ipPrefix": "70.0.0.10/32",
            "outInf": {
              "deviceName": "CSG1-1-5",
              "infName": "LoopBack0",
              "vpnName": "_public_",
              "infIpv4Ip": "70.0.0.10/32",
              "infIpv4HostIp": "70.0.0.10/32",
              "infIpv6Ip": null,
              "infIpv6HostIp": null
            }
          }
        ]
      }
    },
    "CSG1-2-4": {
      "_public_": {
        "70.0.0.14/32": [
          {
            "deviceName": "CSG1-2-4",
            "vpnName": "_public_",
            "ipPrefix": "70.0.0.14/32",
            "outInf": {
              "deviceName": "CSG1-2-4",
              "infName": "LoopBack0",
              "vpnName": "_public_",
              "infIpv4Ip": "70.0.0.14/32",
              "infIpv4HostIp": "70.0.0.14/32",
              "infIpv6Ip": null,
              "infIpv6HostIp": null
            }
          }
        ]
      }
    },
    "CSG1-1-4": {
      "_public_": {
        "70.0.0.9/32": [
          {
            "deviceName": "CSG1-1-4",
            "vpnName": "_public_",
            "ipPrefix": "70.0.0.9/32",
            "outInf": {
              "deviceName": "CSG1-1-4",
              "infName": "LoopBack0",
              "vpnName": "_public_",
              "infIpv4Ip": "70.0.0.9/32",
              "infIpv4HostIp": "70.0.0.9/32",
              "infIpv6Ip": null,
              "infIpv6HostIp": null
            }
          }
        ]
      }
    },
    "CSG1-2-3": {
      "_public_": {
        "70.0.0.13/32": [
          {
            "deviceName": "CSG1-2-3",
            "vpnName": "_public_",
            "ipPrefix": "70.0.0.13/32",
            "outInf": {
              "deviceName": "CSG1-2-3",
              "infName": "LoopBack0",
              "vpnName": "_public_",
              "infIpv4Ip": "70.0.0.13/32",
              "infIpv4HostIp": "70.0.0.13/32",
              "infIpv6Ip": null,
              "infIpv6HostIp": null
            }
          }
        ]
      }
    },
    "CSG1-1-3": {
      "_public_": {
        "70.0.0.8/32": [
          {
            "deviceName": "CSG1-1-3",
            "vpnName": "_public_",
            "ipPrefix": "70.0.0.8/32",
            "outInf": {
              "deviceName": "CSG1-1-3",
              "infName": "LoopBack0",
              "vpnName": "_public_",
              "infIpv4Ip": "70.0.0.8/32",
              "infIpv4HostIp": "70.0.0.8/32",
              "infIpv6Ip": null,
              "infIpv6HostIp": null
            }
          }
        ]
      }
    },
    "CSG1-2-2": {
      "_public_": {
        "70.0.0.12/32": [
          {
            "deviceName": "CSG1-2-2",
            "vpnName": "_public_",
            "ipPrefix": "70.0.0.12/32",
            "outInf": {
              "deviceName": "CSG1-2-2",
              "infName": "LoopBack0",
              "vpnName": "_public_",
              "infIpv4Ip": "70.0.0.12/32",
              "infIpv4HostIp": "70.0.0.12/32",
              "infIpv6Ip": null,
              "infIpv6HostIp": null
            }
          }
        ]
      }
    },
    "P-RR2": {
      "_public_": {
        "110.0.0.7/32": [
          {
            "deviceName": "P-RR2",
            "vpnName": "_public_",
            "ipPrefix": "110.0.0.7/32",
            "outInf": {
              "deviceName": "P-RR2",
              "infName": "LoopBack0",
              "vpnName": "_public_",
              "infIpv4Ip": "110.0.0.7/32",
              "infIpv4HostIp": "110.0.0.7/32",
              "infIpv6Ip": null,
              "infIpv6HostIp": null
            }
          }
        ]
      }
    },
    "P-RR1": {
      "_public_": {
        "110.0.0.6/32": [
          {
            "deviceName": "P-RR1",
            "vpnName": "_public_",
            "ipPrefix": "110.0.0.6/32",
            "outInf": {
              "deviceName": "P-RR1",
              "infName": "LoopBack0",
              "vpnName": "_public_",
              "infIpv4Ip": "110.0.0.6/32",
              "infIpv4HostIp": "110.0.0.6/32",
              "infIpv6Ip": null,
              "infIpv6HostIp": null
            }
          }
        ]
      }
    },
    "CSG2-1-1": {
      "_public_": {
        "70.0.0.16/32": [
          {
            "deviceName": "CSG2-1-1",
            "vpnName": "_public_",
            "ipPrefix": "70.0.0.16/32",
            "outInf": {
              "deviceName": "CSG2-1-1",
              "infName": "LoopBack0",
              "vpnName": "_public_",
              "infIpv4Ip": "70.0.0.16/32",
              "infIpv4HostIp": "70.0.0.16/32",
              "infIpv6Ip": null,
              "infIpv6HostIp": null
            }
          }
        ]
      }
    },
    "CSG2-2-2": {
      "_public_": {
        "70.0.0.22/32": [
          {
            "deviceName": "CSG2-2-2",
            "vpnName": "_public_",
            "ipPrefix": "70.0.0.22/32",
            "outInf": {
              "deviceName": "CSG2-2-2",
              "infName": "LoopBack0",
              "vpnName": "_public_",
              "infIpv4Ip": "70.0.0.22/32",
              "infIpv4HostIp": "70.0.0.22/32",
              "infIpv6Ip": null,
              "infIpv6HostIp": null
            }
          }
        ]
      }
    },
    "CSG2-1-3": {
      "_public_": {
        "70.0.0.18/32": [
          {
            "deviceName": "CSG2-1-3",
            "vpnName": "_public_",
            "ipPrefix": "70.0.0.18/32",
            "outInf": {
              "deviceName": "CSG2-1-3",
              "infName": "LoopBack0",
              "vpnName": "_public_",
              "infIpv4Ip": "70.0.0.18/32",
              "infIpv4HostIp": "70.0.0.18/32",
              "infIpv6Ip": null,
              "infIpv6HostIp": null
            }
          }
        ]
      }
    },
    "CSG2-2-1": {
      "_public_": {
        "70.0.0.21/32": [
          {
            "deviceName": "CSG2-2-1",
            "vpnName": "_public_",
            "ipPrefix": "70.0.0.21/32",
            "outInf": {
              "deviceName": "CSG2-2-1",
              "infName": "LoopBack0",
              "vpnName": "_public_",
              "infIpv4Ip": "70.0.0.21/32",
              "infIpv4HostIp": "70.0.0.21/32",
              "infIpv6Ip": null,
              "infIpv6HostIp": null
            }
          }
        ]
      }
    },
    "CSG2-1-2": {
      "_public_": {
        "70.0.0.17/32": [
          {
            "deviceName": "CSG2-1-2",
            "vpnName": "_public_",
            "ipPrefix": "70.0.0.17/32",
            "outInf": {
              "deviceName": "CSG2-1-2",
              "infName": "LoopBack0",
              "vpnName": "_public_",
              "infIpv4Ip": "70.0.0.17/32",
              "infIpv4HostIp": "70.0.0.17/32",
              "infIpv6Ip": null,
              "infIpv6HostIp": null
            }
          }
        ]
      }
    },
    "CSG2-2-4": {
      "_public_": {
        "70.0.0.24/32": [
          {
            "deviceName": "CSG2-2-4",
            "vpnName": "_public_",
            "ipPrefix": "70.0.0.24/32",
            "outInf": {
              "deviceName": "CSG2-2-4",
              "infName": "LoopBack0",
              "vpnName": "_public_",
              "infIpv4Ip": "70.0.0.24/32",
              "infIpv4HostIp": "70.0.0.24/32",
              "infIpv6Ip": null,
              "infIpv6HostIp": null
            }
          }
        ]
      }
    },
    "CSG2-1-5": {
      "_public_": {
        "70.0.0.20/32": [
          {
            "deviceName": "CSG2-1-5",
            "vpnName": "_public_",
            "ipPrefix": "70.0.0.20/32",
            "outInf": {
              "deviceName": "CSG2-1-5",
              "infName": "LoopBack0",
              "vpnName": "_public_",
              "infIpv4Ip": "70.0.0.20/32",
              "infIpv4HostIp": "70.0.0.20/32",
              "infIpv6Ip": null,
              "infIpv6HostIp": null
            }
          }
        ]
      }
    },
    "CSG2-2-3": {
      "_public_": {
        "70.0.0.23/32": [
          {
            "deviceName": "CSG2-2-3",
            "vpnName": "_public_",
            "ipPrefix": "70.0.0.23/32",
            "outInf": {
              "deviceName": "CSG2-2-3",
              "infName": "LoopBack0",
              "vpnName": "_public_",
              "infIpv4Ip": "70.0.0.23/32",
              "infIpv4HostIp": "70.0.0.23/32",
              "infIpv6Ip": null,
              "infIpv6HostIp": null
            }
          }
        ]
      }
    },
    "CSG2-1-4": {
      "_public_": {
        "70.0.0.19/32": [
          {
            "deviceName": "CSG2-1-4",
            "vpnName": "_public_",
            "ipPrefix": "70.0.0.19/32",
            "outInf": {
              "deviceName": "CSG2-1-4",
              "infName": "LoopBack0",
              "vpnName": "_public_",
              "infIpv4Ip": "70.0.0.19/32",
              "infIpv4HostIp": "70.0.0.19/32",
              "infIpv6Ip": null,
              "infIpv6HostIp": null
            }
          }
        ]
      }
    },
    "CSG2-2-5": {
      "_public_": {
        "70.0.0.25/32": [
          {
            "deviceName": "CSG2-2-5",
            "vpnName": "_public_",
            "ipPrefix": "70.0.0.25/32",
            "outInf": {
              "deviceName": "CSG2-2-5",
              "infName": "LoopBack0",
              "vpnName": "_public_",
              "infIpv4Ip": "70.0.0.25/32",
              "infIpv4HostIp": "70.0.0.25/32",
              "infIpv6Ip": null,
              "infIpv6HostIp": null
            }
          }
        ]
      }
    },
    "ASG3": {
      "_public_": {
        "110.0.0.10/32": [
          {
            "deviceName": "ASG3",
            "vpnName": "_public_",
            "ipPrefix": "110.0.0.10/32",
            "outInf": {
              "deviceName": "ASG3",
              "infName": "LoopBack0",
              "vpnName": "_public_",
              "infIpv4Ip": "110.0.0.10/32",
              "infIpv4HostIp": "110.0.0.10/32",
              "infIpv6Ip": null,
              "infIpv6HostIp": null
            }
          }
        ]
      }
    },
    "ASG4": {
      "_public_": {
        "110.0.0.11/32": [
          {
            "deviceName": "ASG4",
            "vpnName": "_public_",
            "ipPrefix": "110.0.0.11/32",
            "outInf": {
              "deviceName": "ASG4",
              "infName": "LoopBack0",
              "vpnName": "_public_",
              "infIpv4Ip": "110.0.0.11/32",
              "infIpv4HostIp": "110.0.0.11/32",
              "infIpv6Ip": null,
              "infIpv6HostIp": null
            }
          }
        ]
      }
    },
    "ASG1": {
      "_public_": {
        "110.0.0.8/32": [
          {
            "deviceName": "ASG1",
            "vpnName": "_public_",
            "ipPrefix": "110.0.0.8/32",
            "outInf": {
              "deviceName": "ASG1",
              "infName": "LoopBack0",
              "vpnName": "_public_",
              "infIpv4Ip": "110.0.0.8/32",
              "infIpv4HostIp": "110.0.0.8/32",
              "infIpv6Ip": null,
              "infIpv6HostIp": null
            }
          }
        ]
      }
    },
    "ASG2": {
      "_public_": {
        "110.0.0.9/32": [
          {
            "deviceName": "ASG2",
            "vpnName": "_public_",
            "ipPrefix": "110.0.0.9/32",
            "outInf": {
              "deviceName": "ASG2",
              "infName": "LoopBack0",
              "vpnName": "_public_",
              "infIpv4Ip": "110.0.0.9/32",
              "infIpv4HostIp": "110.0.0.9/32",
              "infIpv6Ip": null,
              "infIpv6HostIp": null
            }
          }
        ]
      }
    },
    "RSG4": {
      "LTE_RAN": {
        "90.0.0.5/32": [
          {
            "deviceName": "RSG4",
            "vpnName": "LTE_RAN",
            "ipPrefix": "90.0.0.5/32",
            "outInf": {
              "deviceName": "RSG4",
              "infName": "LoopBack10",
              "vpnName": "LTE_RAN",
              "infIpv4Ip": "90.0.0.5/32",
              "infIpv4HostIp": "90.0.0.5/32",
              "infIpv6Ip": null,
              "infIpv6HostIp": null
            }
          }
        ]
      },
      "_public_": {
        "110.0.0.5/32": [
          {
            "deviceName": "RSG4",
            "vpnName": "_public_",
            "ipPrefix": "110.0.0.5/32",
            "outInf": {
              "deviceName": "RSG4",
              "infName": "LoopBack0",
              "vpnName": "_public_",
              "infIpv4Ip": "110.0.0.5/32",
              "infIpv4HostIp": "110.0.0.5/32",
              "infIpv6Ip": null,
              "infIpv6HostIp": null
            }
          }
        ]
      }
    },
    "RSG2": {
      "_public_": {
        "110.0.0.3/32": [
          {
            "deviceName": "RSG2",
            "vpnName": "_public_",
            "ipPrefix": "110.0.0.3/32",
            "outInf": {
              "deviceName": "RSG2",
              "infName": "LoopBack0",
              "vpnName": "_public_",
              "infIpv4Ip": "110.0.0.3/32",
              "infIpv4HostIp": "110.0.0.3/32",
              "infIpv6Ip": null,
              "infIpv6HostIp": null
            }
          }
        ]
      }
    },
    "RSG3": {
      "_public_": {
        "110.0.0.4/32": [
          {
            "deviceName": "RSG3",
            "vpnName": "_public_",
            "ipPrefix": "110.0.0.4/32",
            "outInf": {
              "deviceName": "RSG3",
              "infName": "LoopBack0",
              "vpnName": "_public_",
              "infIpv4Ip": "110.0.0.4/32",
              "infIpv4HostIp": "110.0.0.4/32",
              "infIpv6Ip": null,
              "infIpv6HostIp": null
            }
          }
        ]
      }
    },
    "RSG1": {
      "LTE_RAN": {
        "90.0.0.1/32": [
          {
            "deviceName": "RSG1",
            "vpnName": "LTE_RAN",
            "ipPrefix": "90.0.0.1/32",
            "outInf": {
              "deviceName": "RSG1",
              "infName": "LoopBack10",
              "vpnName": "LTE_RAN",
              "infIpv4Ip": "90.0.0.1/32",
              "infIpv4HostIp": "90.0.0.1/32",
              "infIpv6Ip": null,
              "infIpv6HostIp": null
            }
          }
        ]
      },
      "_public_": {
        "110.0.0.1/32": [
          {
            "deviceName": "RSG1",
            "vpnName": "_public_",
            "ipPrefix": "110.0.0.1/32",
            "outInf": {
              "deviceName": "RSG1",
              "infName": "LoopBack0",
              "vpnName": "_public_",
              "infIpv4Ip": "110.0.0.1/32",
              "infIpv4HostIp": "110.0.0.1/32",
              "infIpv6Ip": null,
              "infIpv6HostIp": null
            }
          }
        ]
      }
    }
  },
  "staticRouteInfo": {
    "CSG1-2-1": {
      "LTE_RAN": {
        "192.0.0.20/30": [
          {
            "deviceName": "CSG1-2-1",
            "vpnName": "LTE_RAN",
            "addressIp": "192.0.0.20/30",
            "nextHop": "32.0.0.22/32",
            "outInf": {
              "deviceName": "CSG1-2-1",
              "infName": "GigabitEthernet4/0/1.3",
              "vpnName": "LTE_RAN",
              "infIpv4Ip": "32.0.0.20/30",
              "infIpv4HostIp": "32.0.0.21/32",
              "infIpv6Ip": null,
              "infIpv6HostIp": null
            }
          }
        ]
      }
    },
    "ASG3": {
      "LTE_RAN": {
        "0.0.0.0/0": [
          {
            "deviceName": "ASG3",
            "vpnName": "LTE_RAN",
            "addressIp": "0.0.0.0/0",
            "nextHop": "90.0.0.1/32",
            "outInf": {
              "deviceName": null,
              "infName": null,
              "vpnName": null,
              "infIpv4Ip": null,
              "infIpv4HostIp": null,
              "infIpv6Ip": null,
              "infIpv6HostIp": null
            }
          }
        ]
      }
    },
    "ASG4": {
      "LTE_RAN": {
        "0.0.0.0/0": [
          {
            "deviceName": "ASG4",
            "vpnName": "LTE_RAN",
            "addressIp": "0.0.0.0/0",
            "nextHop": "90.0.0.5/32",
            "outInf": {
              "deviceName": null,
              "infName": null,
              "vpnName": null,
              "infIpv4Ip": null,
              "infIpv4HostIp": null,
              "infIpv6Ip": null,
              "infIpv6HostIp": null
            }
          }
        ]
      }
    },
    "ASG1": {
      "LTE_RAN": {
        "0.0.0.0/0": [
          {
            "deviceName": "ASG1",
            "vpnName": "LTE_RAN",
            "addressIp": "0.0.0.0/0",
            "nextHop": "90.0.0.1/32",
            "outInf": {
              "deviceName": null,
              "infName": null,
              "vpnName": null,
              "infIpv4Ip": null,
              "infIpv4HostIp": null,
              "infIpv6Ip": null,
              "infIpv6HostIp": null
            }
          }
        ]
      }
    },
    "ASG2": {
      "LTE_RAN": {
        "0.0.0.0/0": [
          {
            "deviceName": "ASG2",
            "vpnName": "LTE_RAN",
            "addressIp": "0.0.0.0/0",
            "nextHop": "90.0.0.5/32",
            "outInf": {
              "deviceName": null,
              "infName": null,
              "vpnName": null,
              "infIpv4Ip": null,
              "infIpv4HostIp": null,
              "infIpv6Ip": null,
              "infIpv6HostIp": null
            }
          }
        ]
      }
    }
  }
}